wp_ratio,frequency_Hz,power_W
1,288400000.0,3.221e-05
2,484600000.0,6.394e-05
3,626100000.0,9.535e-05
4,732700000.0,0.000127
5,816200000.0,0.000159
